timestamp,open,high,low,close,volume
2023-12-01,0.375871,0.385699,0.3739,0.383915,13810366.80291688
2023-12-02,0.384314,0.398142,0.382913,0.398001,9084349.29827546
2023-12-03,0.398,0.403097,0.387719,0.394822,6567681.74623689
2023-12-04,0.395045,0.415,0.393099,0.406847,28101492.60293325
2023-12-05,0.406928,0.425881,0.3971,0.425799,17510962.76563191
2023-12-06,0.425663,0.454997,0.41674,0.442386,19391242.23780178
2023-12-07,0.44295,0.4594,0.431799,0.456155,15171340.6769424
2023-12-08,0.456629,0.572986,0.452699,0.545402,50452865.39737286
2023-12-09,0.546211,0.647402,0.544236,0.578779,41707536.0396736
2023-12-10,0.579308,0.614487,0.57,0.594645,17712942.13207218
2023-12-11,0.595181,0.598166,0.52,0.551241,31899614.7529134
2023-12-12,0.551012,0.606759,0.551012,0.578306,25713409.92312343
2023-12-13,0.578325,0.680274,0.542641,0.667149,29677566.25753369
2023-12-14,0.667645,0.679488,0.612,0.644227,18559581.78437298
2023-12-15,0.643653,0.653969,0.600073,0.600668,14337631.75769079
2023-12-16,0.600206,0.624973,0.586996,0.607943,8192492.22151741
2023-12-17,0.607943,0.617406,0.577075,0.580028,7687222.59002125
2023-12-18,0.580323,0.602613,0.545,0.602613,12392347.95206284
2023-12-19,0.602626,0.616684,0.566475,0.576609,10262331.8403491
2023-12-20,0.576256,0.61,0.56889,0.589754,9462590.10341411
2023-12-21,0.589089,0.639296,0.581761,0.635392,14245951.72859852
2023-12-22,0.635866,0.651267,0.605444,0.623224,13677221.86241873
2023-12-23,0.623111,0.623439,0.5971,0.612719,7275230.44647706
2023-12-24,0.612611,0.628657,0.585,0.592198,14546707.5677599
2023-12-25,0.59193,0.63506,0.59,0.624042,9406729.21771798
2023-12-26,0.624859,0.627195,0.564014,0.608483,18352387.35945681
2023-12-27,0.609201,0.643204,0.584146,0.633766,15115476.93398754
2023-12-28,0.633162,0.676856,0.610346,0.616568,20557333.80626674
2023-12-29,0.617424,0.625998,0.592,0.608525,10046624.82229649
2023-12-30,0.608213,0.613434,0.5935,0.600758,5432233.79438126
2023-12-31,0.601675,0.610262,0.580834,0.594148,6123461.00168103
2024-01-01,0.593873,0.62353,0.590758,0.622753,5442214.98829888
2024-01-02,0.623529,0.637184,0.602503,0.60486,8599439.7865338
2024-01-03,0.605492,0.618626,0.520006,0.557302,19259636.72284429
2024-01-04,0.557558,0.579461,0.549955,0.570307,7250994.18724216
2024-01-05,0.570308,0.572754,0.5225,0.541905,11338130.29597232
2024-01-06,0.541675,0.542908,0.507846,0.522999,8904819.7904815
2024-01-07,0.522231,0.530324,0.488,0.493908,6965508.86854455
2024-01-08,0.49441,0.544649,0.465,0.541686,14961107.65856644
2024-01-09,0.541799,0.543551,0.496294,0.512112,7787029.81967796
2024-01-10,0.512351,0.5898,0.487311,0.565659,16218363.6900159
2024-01-11,0.565839,0.618389,0.56064,0.582044,18791790.32302053
2024-01-12,0.582388,0.588745,0.526876,0.548063,10236913.11693296
2024-01-13,0.547784,0.553225,0.531101,0.548806,4559601.93263803
2024-01-14,0.549,0.549647,0.523041,0.525259,4928989.38192317
2024-01-15,0.5246,0.541343,0.521229,0.528198,4621637.40299714
2024-01-16,0.527641,0.54796,0.525406,0.535682,5098563.6271683
2024-01-17,0.536,0.539315,0.520554,0.527868,4014728.44032062
2024-01-18,0.527869,0.527872,0.495859,0.501527,8650583.41775989
2024-01-19,0.501811,0.504417,0.471395,0.504405,10138686.766494
2024-01-20,0.503828,0.51743,0.498184,0.515932,3310583.26263079
2024-01-21,0.51593,0.519897,0.502199,0.502474,6734241.25900741
2024-01-22,0.502387,0.505414,0.47605,0.477978,7092530.22095554
2024-01-23,0.477844,0.485318,0.447821,0.477024,8829756.26961749
2024-01-24,0.476357,0.48,0.463916,0.476545,4422540.76063869
2024-01-25,0.476486,0.486109,0.458973,0.466357,9247415.67424078
2024-01-26,0.466267,0.490225,0.463164,0.484743,4490424.61715519
2024-01-27,0.485201,0.489712,0.475296,0.486396,1447290.19036614
2024-01-28,0.486396,0.500922,0.483301,0.49,4316497.1159373
2024-01-29,0.49,0.528297,0.484559,0.525973,7407874.19148461
2024-01-30,0.525974,0.536398,0.512626,0.513896,6243116.07808093
2024-01-31,0.513895,0.519729,0.493625,0.497061,6780638.1079643
2024-02-01,0.497378,0.507952,0.485362,0.507449,5907522.04924845
2024-02-02,0.507748,0.524045,0.503957,0.513857,4762774.11750107
2024-02-03,0.514765,0.525591,0.511575,0.512126,1649090.15004849
2024-02-04,0.512465,0.512465,0.493327,0.493327,2504973.63884711
2024-02-05,0.493326,0.505351,0.486959,0.493562,3578200.31547003
2024-02-06,0.493634,0.503594,0.4888,0.498133,3067182.49941089
2024-02-07,0.498773,0.502095,0.471843,0.501957,24658281.04088766
2024-02-08,0.502,0.535522,0.502,0.53,19829684.09319435
2024-02-09,0.53,0.54898,0.528037,0.540925,11467530.76461729
2024-02-10,0.540664,0.557712,0.528842,0.552025,5189718.28568903
2024-02-11,0.552162,0.565203,0.535971,0.541712,8073171.2661563
2024-02-12,0.541534,0.56551,0.531101,0.559793,9632651.66708925
2024-02-13,0.559784,0.56438,0.53444,0.545086,8312972.62439319
2024-02-14,0.544606,0.583009,0.540076,0.577466,9516854.18405851
2024-02-15,0.577466,0.612236,0.5718,0.609472,12620789.48012039
2024-02-16,0.609471,0.6137,0.582353,0.599285,6741129.34253482
2024-02-17,0.599194,0.610585,0.568999,0.610004,6875876.03279803
2024-02-18,0.609619,0.639,0.609619,0.619407,11360446.03463952
2024-02-19,0.619408,0.638391,0.615378,0.630979,7964884.26968102
2024-02-20,0.630467,0.6419,0.596531,0.622023,12921055.10412784
2024-02-21,0.621675,0.623648,0.574999,0.598806,7983212.47277401
2024-02-22,0.598799,0.607538,0.58057,0.585592,7834345.40883323
2024-02-23,0.585735,0.595004,0.56857,0.582344,6924221.15183366
2024-02-24,0.582927,0.59965,0.568549,0.59667,10034183.46959688
2024-02-25,0.596671,0.600107,0.580525,0.591317,4971115.40251103
2024-02-26,0.591189,0.622411,0.57315,0.619745,8171336.20414086
2024-02-27,0.620188,0.631,0.608149,0.624298,10654762.13380036
2024-02-28,0.624298,0.660784,0.598669,0.629582,17831773.91400882
2024-02-29,0.629708,0.708477,0.62361,0.654968,29057947.69855909
2024-03-01,0.654969,0.719999,0.654322,0.719818,12802007.75746703
2024-03-02,0.7199,0.764052,0.717599,0.74145,18970449.91087039
2024-03-03,0.741968,0.741999,0.69,0.728223,7507919.88989411
2024-03-04,0.728191,0.799252,0.724488,0.770735,22870030.40004353
2024-03-05,0.770735,0.782892,0.575483,0.694118,33376765.81008484
2024-03-06,0.694607,0.756453,0.666171,0.735322,16101741.14967615
2024-03-07,0.735448,0.75584,0.718823,0.744001,8847931.37448986
2024-03-08,0.745348,0.755765,0.69815,0.723024,10445991.93836465
2024-03-09,0.724493,0.747003,0.722294,0.743346,10100503.61363956
2024-03-10,0.743269,0.745589,0.701668,0.717417,8003782.67150199
2024-03-11,0.716744,0.78777,0.684719,0.774545,21007150.15117843
2024-03-12,0.77579,0.776274,0.705,0.748368,15412878.3696044
2024-03-13,0.748457,0.77375,0.736957,0.764986,10046407.17626296
2024-03-14,0.7644,0.809794,0.713405,0.750094,24871435.23953334
2024-03-15,0.750877,0.763753,0.67,0.726577,14081822.34102425
2024-03-16,0.727094,0.734,0.650524,0.658723,10782849.41185049
2024-03-17,0.65947,0.688218,0.6292,0.680957,11925282.59810549
2024-03-18,0.680673,0.698312,0.642139,0.659926,13927639.59661944
2024-03-19,0.659504,0.665473,0.580001,0.586232,20254258.76136524
2024-03-20,0.584873,0.644097,0.569052,0.639586,16484228.00691863
2024-03-21,0.63961,0.648213,0.618,0.631555,10359723.68796411
2024-03-22,0.631327,0.642237,0.599227,0.615188,7502975.53669473
2024-03-23,0.613737,0.63876,0.61077,0.622962,2548520.32254539
2024-03-24,0.622856,0.647842,0.622856,0.646499,4238714.97733862
2024-03-25,0.6465,0.668408,0.638543,0.656602,8565597.40040968
2024-03-26,0.656602,0.683314,0.652,0.664706,7905537.98138182
2024-03-27,0.664842,0.670426,0.63,0.647699,28922806.0022333
2024-03-28,0.647307,0.658245,0.635063,0.651016,7885341.01494444
2024-03-29,0.651081,0.667797,0.635367,0.664208,16621150.58666103
2024-03-30,0.66546,0.670122,0.642179,0.643949,4619698.37506913
2024-03-31,0.643181,0.65361,0.642178,0.650364,3231978.88066538
2024-04-01,0.650365,0.651373,0.605611,0.62212,7981078.40121963
2024-04-02,0.621515,0.621515,0.573283,0.580517,8234730.73591671
2024-04-03,0.580517,0.594927,0.563041,0.569427,4243201.09798206
2024-04-04,0.569287,0.597241,0.559325,0.583424,5106106.42254054
2024-04-05,0.582753,0.584848,0.56,0.574183,3267667.86838027
2024-04-06,0.574075,0.589095,0.572106,0.583999,1431915.47636717
2024-04-07,0.583855,0.596746,0.582372,0.589659,2491716.57964288
2024-04-08,0.588869,0.616813,0.579954,0.614197,5014584.1554884
2024-04-09,0.614197,0.623927,0.59,0.591133,5751279.37318549
2024-04-10,0.590919,0.593836,0.557201,0.586298,4910893.6220642
2024-04-11,0.586105,0.594301,0.576109,0.586068,2207959.68707824
2024-04-12,0.586065,0.592271,0.459,0.502996,22931074.74112484
2024-04-13,0.502686,0.516161,0.400001,0.445144,21929226.4171748
2024-04-14,0.445726,0.473398,0.4335,0.467919,8379731.10363018
2024-04-15,0.467925,0.495512,0.439729,0.460746,17147528.3215554
2024-04-16,0.461068,0.4781,0.439482,0.458668,13837921.87406016
2024-04-17,0.45865,0.464698,0.427686,0.444469,6325701.99135312
2024-04-18,0.444182,0.461222,0.434007,0.458554,5023129.31821146
2024-04-19,0.458362,0.475814,0.423459,0.468221,10098727.85062982
2024-04-20,0.468291,0.508233,0.465306,0.507,10119119.59190133
2024-04-21,0.507123,0.512423,0.488124,0.498969,4270768.15956801
2024-04-22,0.499412,0.522277,0.495363,0.516938,9023880.04729609
2024-04-23,0.516869,0.521477,0.497,0.5,11344286.95260587
2024-04-24,0.5,0.510722,0.46891,0.474826,6440151.01698023
2024-04-25,0.474598,0.479323,0.4626,0.470551,4841057.36638529
2024-04-26,0.470589,0.478746,0.461,0.462473,3186558.59835298
2024-04-27,0.462474,0.469231,0.445,0.466716,2013181.73274639
2024-04-28,0.466717,0.4775,0.458547,0.459945,2441202.49926322
2024-04-29,0.459945,0.46312,0.446431,0.457088,7317676.17840021
2024-04-30,0.457063,0.462584,0.426171,0.440751,4596763.21892374
2024-05-01,0.440751,0.457256,0.418059,0.450017,5352656.15013353
2024-05-02,0.449606,0.462885,0.438713,0.457969,7193526.1405405
2024-05-03,0.457881,0.473729,0.44674,0.467534,8899513.78903412
2024-05-04,0.467659,0.475578,0.462417,0.462999,8121259.31706564
2024-05-05,0.462999,0.465882,0.45148,0.458131,4053088.16940571
2024-05-06,0.457958,0.475001,0.451667,0.454329,9042646.3146675
2024-05-07,0.454122,0.455921,0.441,0.441394,11879893.67056983
2024-05-08,0.441394,0.468383,0.436782,0.451359,10466298.20608461
2024-05-09,0.451293,0.464311,0.447142,0.463489,3040366.8750412
2024-05-10,0.463482,0.46833,0.443515,0.44801,5888001.26162588
2024-05-11,0.447902,0.450561,0.437217,0.438386,9487701.1723059
2024-05-12,0.438476,0.442846,0.432411,0.43763,2124768.66853242
2024-05-13,0.43763,0.452538,0.425349,0.436119,8099459.50045224
2024-05-14,0.436431,0.438172,0.426252,0.427801,2616373.01967917
2024-05-15,0.427872,0.455036,0.426145,0.452667,9843573.90099096
2024-05-16,0.452633,0.463596,0.448744,0.459872,14294498.00021964
2024-05-17,0.459865,0.490882,0.455415,0.482191,14317866.27950328
2024-05-18,0.482192,0.485969,0.476,0.482123,5570712.23187678
2024-05-19,0.482008,0.483359,0.462006,0.46715,11078921.01301909
2024-05-20,0.467149,0.502839,0.460606,0.502037,24762627.83262447
2024-05-21,0.502093,0.51,0.490651,0.494275,8525989.24051596
2024-05-22,0.494481,0.494986,0.474824,0.483033,6221034.0167449
2024-05-23,0.483134,0.488,0.4444,0.465409,6062144.86837478
2024-05-24,0.46541,0.469281,0.454302,0.459911,2541975.18064858
2024-05-25,0.459912,0.46417,0.457184,0.461842,1648294.1489689
2024-05-26,0.461943,0.462488,0.455234,0.457883,1880372.5798012
2024-05-27,0.457872,0.474333,0.456733,0.467947,2814804.35941345
2024-05-28,0.46806,0.46886,0.451607,0.456989,2996582.31855494
2024-05-29,0.457091,0.464168,0.450467,0.450557,3709878.65931704
2024-05-30,0.450578,0.454906,0.443323,0.446397,4203806.96913545
2024-05-31,0.446304,0.455239,0.443648,0.44661,1822830.81550263
2024-06-01,0.446649,0.452621,0.444839,0.449538,1283966.33387744
2024-06-02,0.449687,0.45342,0.440721,0.446125,1552843.80598261
2024-06-03,0.446244,0.462926,0.443748,0.456851,2433240.30207788
2024-06-04,0.456924,0.465537,0.452806,0.461418,2688785.330234
2024-06-05,0.461434,0.465027,0.457347,0.461199,2440276.08769384
2024-06-06,0.4612,0.461597,0.450813,0.457926,4290748.77257671
2024-06-07,0.457865,0.490002,0.425,0.449173,14313822.10677246
2024-06-08,0.449173,0.449173,0.432635,0.436635,4093263.30423027
2024-06-09,0.436643,0.446,0.431884,0.444052,2242331.79174976
2024-06-10,0.444052,0.4512,0.435002,0.440319,7428644.30310254
2024-06-11,0.440319,0.441134,0.412499,0.421833,8825444.7909024
2024-06-12,0.421802,0.443969,0.414519,0.437582,6992700.16545233
2024-06-13,0.437574,0.438371,0.419255,0.421007,2254482.9672288
2024-06-14,0.42088,0.424273,0.4,0.411824,6357975.2654881
2024-06-15,0.411895,0.415401,0.408182,0.413691,1157874.28261492
2024-06-16,0.413645,0.418469,0.409212,0.416276,2054562.76497487
2024-06-17,0.416294,0.420447,0.390001,0.401258,9193100.64374434
2024-06-18,0.401095,0.402168,0.36,0.383634,13512828.26493039
2024-06-19,0.383513,0.397457,0.380279,0.384256,3685117.82161767
2024-06-20,0.384257,0.397029,0.377169,0.383989,4376306.52795953
2024-06-21,0.384069,0.390451,0.37361,0.375674,4383158.26371833
2024-06-22,0.375788,0.390451,0.371493,0.384552,6980681.97207803
2024-06-23,0.384374,0.392698,0.378128,0.379779,3074815.75761763
2024-06-24,0.379783,0.381078,0.362002,0.377566,12707728.04459254
2024-06-25,0.377544,0.39689,0.377187,0.391701,4315701.19042726
2024-06-26,0.391714,0.395915,0.382582,0.384696,7544300.9488085
2024-06-27,0.384665,0.393519,0.377493,0.390433,3768425.96313118
2024-06-28,0.390433,0.395915,0.384663,0.385025,3833578.12972334
2024-06-29,0.38502,0.402917,0.382652,0.383389,2381311.06195726
2024-06-30,0.38347,0.393379,0.3782,0.391948,1845982.68941373
2024-07-01,0.391948,0.407778,0.391235,0.402957,3108744.16695834
2024-07-02,0.402809,0.418957,0.402775,0.417599,2358085.25431581
2024-07-03,0.417599,0.422577,0.4,0.406628,3513415.9597035
2024-07-04,0.406585,0.413313,0.361576,0.36196,5072619.33491746
2024-07-05,0.362188,0.362188,0.317423,0.349537,17444458.8717425
2024-07-06,0.349849,0.373028,0.346728,0.37112,5242060.45226171
2024-07-07,0.370751,0.370761,0.344583,0.34692,3141037.95609886
2024-07-08,0.346535,0.379509,0.330513,0.368989,5136057.41031815
2024-07-09,0.369,0.380499,0.362851,0.375516,1209787.91649818
2024-07-10,0.375516,0.389585,0.371797,0.388766,2353601.25776995
2024-07-11,0.38855,0.40476,0.3847,0.395722,4587068.88138751
2024-07-12,0.3958,0.41785,0.393687,0.416709,5330957.22760216
2024-07-13,0.416668,0.446145,0.411941,0.441658,5457067.24469259
2024-07-14,0.441674,0.444667,0.425407,0.431904,2624179.75195669
2024-07-15,0.431863,0.445415,0.43118,0.445178,9722243.2210825
2024-07-16,0.445109,0.452378,0.427013,0.438316,5340291.21887409
2024-07-17,0.438301,0.4568,0.43587,0.43627,5025791.49854973
2024-07-18,0.435926,0.449238,0.420109,0.423525,3700903.71649522
2024-07-19,0.423525,0.442825,0.414126,0.439095,4727985.33386196
2024-07-20,0.439076,0.441685,0.4283,0.437541,2465782.48881385
2024-07-21,0.437435,0.448575,0.417296,0.446628,3987343.43336127
2024-07-22,0.446812,0.449878,0.424179,0.426403,3663086.20552503
2024-07-23,0.426308,0.429469,0.403482,0.410117,4746197.9301817
2024-07-24,0.410044,0.421111,0.404329,0.406315,4770453.16896024
2024-07-25,0.406256,0.408067,0.381904,0.394514,4838099.66859604
2024-07-26,0.394704,0.419685,0.394465,0.417614,3855042.84002807
2024-07-27,0.417615,0.428879,0.4132,0.417608,3882416.06284324
2024-07-28,0.417339,0.420154,0.404852,0.407445,1154246.4933127
2024-07-29,0.407265,0.426796,0.403186,0.403484,4478698.718102
2024-07-30,0.403449,0.407096,0.394476,0.40166,1873964.99088044
2024-07-31,0.401319,0.407345,0.387362,0.388245,3345982.79024682
2024-08-01,0.388029,0.395213,0.368301,0.392459,3271031.31021699
2024-08-02,0.392179,0.394529,0.358179,0.363801,4764501.05167565
2024-08-03,0.36329,0.372272,0.349283,0.364419,6390715.70068281
2024-08-04,0.364431,0.367483,0.333648,0.343849,6649776.95527189
2024-08-05,0.343962,0.345633,0.275966,0.311871,31056897.06891036
2024-08-06,0.312001,0.336999,0.311788,0.331256,5080845.59968828
2024-08-07,0.331181,0.341132,0.316137,0.323962,5281519.56419181
2024-08-08,0.324151,0.353357,0.318867,0.352187,3513199.36498791
2024-08-09,0.351659,0.354415,0.336558,0.348287,4010714.48208535
2024-08-10,0.348572,0.352063,0.344451,0.345603,722737.63926134
2024-08-11,0.345828,0.356632,0.327401,0.327695,4210873.97433694
2024-08-12,0.327781,0.344549,0.326766,0.338893,2288650.76036396
2024-08-13,0.339051,0.344951,0.331099,0.340189,3154948.40234292
2024-08-14,0.340032,0.345675,0.331112,0.335521,3877435.63643011
2024-08-15,0.335415,0.34172,0.320743,0.324843,5168129.86814388
2024-08-16,0.324481,0.345229,0.320501,0.330445,5365077.74296773
2024-08-17,0.33,0.338739,0.327833,0.337,1552440.10353283
2024-08-18,0.337126,0.339854,0.333059,0.334451,848536.42239582
2024-08-19,0.334326,0.337516,0.328071,0.336745,2231178.65676174
2024-08-20,0.336168,0.348327,0.33561,0.343718,5500855.44550479
2024-08-21,0.343522,0.377432,0.342698,0.36893,16612264.44394557
2024-08-22,0.369215,0.377524,0.364405,0.376423,2457797.27583521
2024-08-23,0.376424,0.39242,0.374042,0.391461,10365245.54940065
2024-08-24,0.391581,0.401384,0.388077,0.394101,7367955.69467145
2024-08-25,0.393587,0.394097,0.377809,0.384962,2855887.21012272
2024-08-26,0.385191,0.387916,0.366248,0.366248,5043452.5309919
2024-08-27,0.366248,0.37258,0.342286,0.350453,4211295.31498272
2024-08-28,0.350421,0.360357,0.340731,0.350194,6092230.98812824
2024-08-29,0.350004,0.367384,0.349073,0.357809,5588587.76492695
2024-08-30,0.35791,0.362013,0.337781,0.347278,8739269.11502976
2024-08-31,0.346881,0.35002,0.344656,0.345144,1546914.05339365
2024-09-01,0.344839,0.345588,0.327289,0.331829,12892581.93886302
2024-09-02,0.331206,0.337138,0.325308,0.335678,3524836.77057842
2024-09-03,0.335837,0.339531,0.317531,0.318154,3383572.13386312
2024-09-04,0.318375,0.329201,0.305062,0.323264,7038349.58115054
2024-09-05,0.323198,0.339854,0.319895,0.325446,5648418.99838049
2024-09-06,0.325032,0.331422,0.303494,0.314673,6201715.91404751
2024-09-07,0.314803,0.327689,0.314632,0.32507,1267701.17621923
2024-09-08,0.325071,0.340574,0.324248,0.338613,1912048.16189887
2024-09-09,0.338823,0.348665,0.337416,0.343435,4415841.78570082
2024-09-10,0.343436,0.345618,0.337416,0.343424,2633970.88313724
2024-09-11,0.343001,0.357012,0.330096,0.353131,4516126.61934343
2024-09-12,0.353417,0.361003,0.351997,0.356022,2621414.19729251
2024-09-13,0.356388,0.365,0.350318,0.360595,4053758.94974816
2024-09-14,0.360869,0.361949,0.351531,0.354639,3128938.17693248
2024-09-15,0.353733,0.356205,0.334397,0.338558,1253777.60665
2024-09-16,0.338399,0.338399,0.326461,0.330566,2651547.46340494
2024-09-17,0.330052,0.342896,0.328676,0.33374,6568571.95726889
2024-09-18,0.33374,0.344273,0.327402,0.344273,2577872.99903182
2024-09-19,0.344338,0.356161,0.344338,0.350765,4557228.85651789
2024-09-20,0.350766,0.360868,0.349178,0.351939,3957649.37466972
2024-09-21,0.35221,0.359792,0.350866,0.358523,1848285.91071081
2024-09-22,0.358997,0.359403,0.343234,0.351597,3736303.46226288
2024-09-23,0.351763,0.365674,0.346239,0.3636,4258083.2025865
2024-09-24,0.363725,0.391324,0.358487,0.387735,8379040.28137766
2024-09-25,0.38778,0.393825,0.379088,0.381014,6566285.61954518
2024-09-26,0.380848,0.403757,0.378272,0.402051,5503138.39217294
2024-09-27,0.401614,0.415503,0.3992,0.401736,4883978.18618625
2024-09-28,0.401735,0.40598,0.3924,0.400709,3193766.18179689
2024-09-29,0.400448,0.404032,0.392892,0.397812,2329195.0541187
2024-09-30,0.397574,0.397574,0.370894,0.37345,5320839.31061157
2024-10-01,0.373329,0.385617,0.342668,0.351784,11024196.01968568
2024-10-02,0.351986,0.362729,0.336,0.343516,6887366.41003591
2024-10-03,0.343327,0.349271,0.331832,0.345217,3006721.76629822
2024-10-04,0.345314,0.355763,0.343053,0.351446,2043872.5816839
2024-10-05,0.351645,0.355563,0.34577,0.350314,875161.38410431
2024-10-06,0.350712,0.358187,0.348033,0.357272,1483926.08113989
2024-10-07,0.357361,0.368225,0.3505,0.351357,3020036.69812375
2024-10-08,0.351575,0.35656,0.341026,0.344469,3441785.31275006
2024-10-09,0.344575,0.347507,0.334105,0.339187,2689602.6594451
2024-10-10,0.339087,0.341204,0.331348,0.338854,2212910.97799436
2024-10-11,0.339249,0.354707,0.33794,0.351137,2298996.98651912
2024-10-12,0.35152,0.35653,0.350992,0.353062,1552599.95598193
2024-10-13,0.35301,0.359619,0.344212,0.348321,1465357.72314243
2024-10-14,0.3475,0.364996,0.342445,0.363824,3587442.29983482
2024-10-15,0.364042,0.3705,0.347705,0.358744,4587601.64039751
2024-10-16,0.358999,0.360708,0.351084,0.352001,3432477.61216488
2024-10-17,0.352283,0.354826,0.339467,0.34296,2605116.19348475
2024-10-18,0.343172,0.352774,0.342587,0.35058,2972974.31757269
2024-10-19,0.35073,0.356799,0.349334,0.351618,1435618.63815846
2024-10-20,0.351381,0.365535,0.348237,0.364993,2384980.76759859
2024-10-21,0.365,0.372193,0.353297,0.36066,4830055.08923021
2024-10-22,0.360961,0.36781,0.355078,0.363942,2286130.63185544
2024-10-23,0.364253,0.36857,0.342001,0.34976,1947971.42469513
2024-10-24,0.349067,0.354414,0.339753,0.346391,4836682.17423415
2024-10-25,0.34631,0.346599,0.313165,0.325735,8555815.3279663
2024-10-26,0.325426,0.334356,0.320084,0.333341,2332574.38010941
2024-10-27,0.333308,0.341635,0.330589,0.339596,972972.23753736
2024-10-28,0.339599,0.347538,0.330108,0.343657,2851742.93885534
2024-10-29,0.34349,0.3567,0.342653,0.355724,3786437.15991293
2024-10-30,0.355733,0.363,0.350678,0.355124,2367076.83949187
2024-10-31,0.355043,0.360966,0.34006,0.341397,2959864.84132167
2024-11-01,0.341307,0.361747,0.334072,0.357372,4480893.99241673
2024-11-02,0.357282,0.363333,0.345635,0.347788,2516196.44409068
2024-11-03,0.347741,0.347741,0.327494,0.334454,3875297.96510819
2024-11-04,0.333449,0.336485,0.320338,0.325979,3212750.59501266
2024-11-05,0.326058,0.338113,0.325935,0.333369,3419565.75250087
2024-11-06,0.333626,0.365675,0.333626,0.363423,12889151.59951373
2024-11-07,0.3637,0.406898,0.3618,0.406898,18684676.02649711
2024-11-08,0.407,0.458818,0.404524,0.444538,32592124.10243974
2024-11-09,0.44474,0.498627,0.427329,0.496583,9424508.45936652
2024-11-10,0.497961,0.662048,0.488745,0.590732,61541099.72225393
2024-11-11,0.590738,0.624585,0.565331,0.61279,33199178.86685323
2024-11-12,0.613605,0.6543,0.5561,0.572097,30250063.57441891
2024-11-13,0.571611,0.61,0.520082,0.579061,27854059.67033633
2024-11-14,0.57863,0.599993,0.541452,0.578894,18750813.99213019
2024-11-15,0.57926,0.708097,0.574602,0.707129,43607860.18494191
2024-11-16,0.707129,0.819948,0.703066,0.741932,47814234.47444851
2024-11-17,0.742261,0.773732,0.689332,0.702508,17762355.8790901
2024-11-18,0.701302,0.78332,0.700685,0.733107,36143791.06382363
2024-11-19,0.732363,0.764715,0.721522,0.739505,12123432.2397924
2024-11-20,0.739609,0.848476,0.739608,0.800575,34750135.91126954
2024-11-21,0.800571,0.824,0.768125,0.822234,22209818.92299275
2024-11-22,0.822811,1.043899,0.814026,1.018961,69515707.44214696
2024-11-23,1.019113,1.15,1.017344,1.067,59890332.72843974
2024-11-24,1.0665,1.098325,0.941021,1.023778,42526558.5227741
2024-11-25,1.022554,1.079926,0.928468,0.942899,31676076.11718314
2024-11-26,0.943014,0.98986,0.869676,0.961352,29560534.45587657
2024-11-27,0.960076,1.041453,0.931615,1.013642,21320451.79586546
2024-11-28,1.012964,1.0485,0.97092,1.03181,8627900.94560868
2024-11-29,1.031994,1.099937,1.028402,1.075805,20670143.09359563
2024-11-30,1.075805,1.149,1.051371,1.078647,24379876.82966535
2024-12-01,1.079095,1.1628,1.037345,1.149563,25008943.62512087
2024-12-02,1.150575,1.244803,1.05727,1.202167,82236583.13774413
2024-12-03,1.20271,1.32641,1.14,1.192488,58109673.24432591
2024-12-04,1.192768,1.242591,1.140761,1.188264,26707815.34418512
2024-12-05,1.188663,1.244474,1.117321,1.161603,24138005.06676087
2024-12-06,1.161603,1.238263,1.136262,1.229984,17488070.08215807
2024-12-07,1.230001,1.237501,1.189859,1.211243,10055684.71396174
2024-12-08,1.211245,1.22413,1.174345,1.194605,10004544.52490892
2024-12-09,1.194501,1.194501,0.915096,1.004785,43461962.518523
2024-12-10,1.004765,1.064013,0.910631,1.022986,28024418.7253507
2024-12-11,1.022373,1.116562,0.966698,1.088143,19888020.51523434
2024-12-12,1.087286,1.18,1.073767,1.12327,17057944.20974698
2024-12-13,1.123196,1.130225,1.078086,1.121273,10727112.9611404
2024-12-14,1.121274,1.132881,1.041269,1.060854,6495021.58130417
2024-12-15,1.060823,1.111685,1.038527,1.098713,5139027.72820798
2024-12-16,1.098714,1.12035,1.047287,1.077651,12219228.850593
2024-12-17,1.07819,1.111369,1.043,1.051558,15383883.15826407
2024-12-18,1.051572,1.060144,0.952113,0.969267,22546090.41421569
2024-12-19,0.967759,0.988264,0.84639,0.880063,30270757.14766846
2024-12-20,0.880224,0.958106,0.761026,0.9489,37638693.40563035
2024-12-21,0.949796,0.997189,0.886158,0.903798,13627882.09288731
2024-12-22,0.904187,0.923346,0.858176,0.882523,7171730.21399124
2024-12-23,0.882356,0.940767,0.861728,0.925696,13245547.50214331
2024-12-24,0.924518,0.9495,0.891133,0.935429,8056818.75226905
2024-12-25,0.935429,0.938783,0.899713,0.916458,2448284.4598231
2024-12-26,0.916675,0.926408,0.85031,0.86001,7425015.44765468
2024-12-27,0.860006,0.912957,0.854606,0.875014,7041898.69755076
2024-12-28,0.87506,0.897394,0.865302,0.887463,2894019.21845207
2024-12-29,0.8879,0.91,0.850002,0.85762,5375233.01473546
2024-12-30,0.856214,0.901983,0.828947,0.860453,8729539.15620617
2024-12-31,0.860127,0.876783,0.839109,0.843696,5282596.51911234
2025-01-01,0.843463,0.932404,0.83739,0.91916,6839556.02301153
2025-01-02,0.92,0.98,0.92,0.961095,12464302.39047947
2025-01-03,0.960525,1.117788,0.956137,1.088536,27540142.60030689
2025-01-04,1.089305,1.113585,1.056156,1.070401,8622805.57293479
2025-01-05,1.0704,1.111,1.052501,1.091302,11148767.52518523
2025-01-06,1.091301,1.1163,1.061322,1.093516,10321289.96428626
2025-01-07,1.093414,1.150791,0.985638,0.989349,21377931.93808707
2025-01-08,0.989326,1.023831,0.91,0.946745,17265078.89937016
2025-01-09,0.946745,0.958978,0.88,0.905437,13099450.34449215
2025-01-10,0.905001,0.973619,0.90487,0.930324,8609588.98303309
2025-01-11,0.930324,1.016166,0.913523,0.994528,11353285.8809509
2025-01-12,0.994659,1.035547,0.960416,0.96682,11445726.07479144
2025-01-13,0.967187,0.992582,0.876993,0.944571,32909055.07132299
2025-01-14,0.944571,1.009358,0.938581,0.996848,9637635.85477222
2025-01-15,0.996845,1.088357,0.98617,1.076324,19701071.88280263
2025-01-16,1.076326,1.1449,1.02682,1.090683,17269481.78324529
2025-01-17,1.08919,1.166474,1.086201,1.133121,14910439.53955467
2025-01-18,1.13371,1.145861,1.049483,1.103023,15673094.98255335
2025-01-19,1.103591,1.149783,0.960227,0.992332,42043807.56639337
2025-01-20,0.992055,1.098718,0.960696,1.007505,33296324.00753766
2025-01-21,1.006735,1.028399,0.951005,1.005445,16934440.57808377
2025-01-22,1.005803,1.019198,0.976274,0.981948,7607761.57034784
2025-01-23,0.982164,1.013106,0.951486,0.986866,17766356.16792312
2025-01-24,0.986939,1.009059,0.963585,0.971824,9954836.27170924
2025-01-25,0.97177,0.989,0.96497,0.976511,3760229.47372559
2025-01-26,0.976196,0.999641,0.951942,0.953032,7307945.45099537
2025-01-27,0.952363,0.957596,0.856383,0.934295,14709554.17404634
2025-01-28,0.934128,0.968276,0.903226,0.916048,7391056.29048464
2025-01-29,0.916221,0.959403,0.900762,0.939302,14375186.63507741
2025-01-30,0.939628,0.988172,0.935985,0.96,9354976.30604287
2025-01-31,0.960001,0.982807,0.935033,0.942175,8426773.26786977
2025-02-01,0.942531,0.956396,0.889978,0.894701,5766634.22171283
2025-02-02,0.894396,0.910605,0.7521,0.80405,28752674.79144832
2025-02-03,0.804169,0.82467,0.51055,0.812923,57405508.06432172
2025-02-04,0.813008,0.820251,0.715423,0.74447,24498766.2607861
2025-02-05,0.744362,0.775636,0.72583,0.732512,6016737.81981386
2025-02-06,0.732606,0.7655,0.698537,0.705279,7379982.63326806
2025-02-07,0.705129,0.752469,0.691002,0.707658,9972885.37283199
2025-02-08,0.705939,0.716956,0.682214,0.700873,2921345.76159184
2025-02-09,0.701439,0.715782,0.651206,0.682135,6239708.61991044
2025-02-10,0.681845,0.724067,0.663768,0.712222,6851898.40858738
2025-02-11,0.712216,0.820431,0.710726,0.778066,27667574.78743297
2025-02-12,0.778156,0.807451,0.746418,0.800262,17738378.1563561
2025-02-13,0.799887,0.829999,0.77001,0.810759,11648681.65243128
2025-02-14,0.810819,0.828652,0.790132,0.799949,9872380.94950595
2025-02-15,0.799638,0.813392,0.775,0.781179,4950020.4863463
2025-02-16,0.780786,0.788623,0.762115,0.77216,3897997.85120718
2025-02-17,0.771569,0.829432,0.771568,0.808855,10251657.67409997
2025-02-18,0.809079,0.813262,0.735718,0.752937,11181878.49342745
2025-02-19,0.753163,0.775323,0.733,0.773694,6363376.38026833
2025-02-20,0.773677,0.811019,0.770909,0.803947,7245762.43136569
2025-02-21,0.803915,0.818662,0.750457,0.7613,11062614.84374226
2025-02-22,0.760794,0.784198,0.75721,0.773642,4296217.52247345
2025-02-23,0.77299,0.787593,0.759861,0.769811,3152596.2107609
2025-02-24,0.769804,0.777255,0.669696,0.681387,13880405.15546196
2025-02-25,0.681039,0.693801,0.630218,0.682558,20703755.15463257
2025-02-26,0.682558,0.694119,0.62982,0.646197,15761864.88668195
2025-02-27,0.646404,0.679132,0.625434,0.645325,11915939.428699
2025-02-28,0.644913,0.645671,0.58,0.632835,14372087.94613317
2025-03-01,0.632777,0.675928,0.625273,0.658832,5514078.68170583
2025-03-02,0.658792,1.157708,0.644658,1.135041,111552230.60906011
2025-03-03,1.135275,1.177681,0.823389,0.857003,114369600.96732844
2025-03-04,0.85689,0.955004,0.759,0.940584,77763282.42929971
2025-03-05,0.938696,1.026372,0.91384,0.974284,46607032.26855083
2025-03-06,0.974293,0.988053,0.885952,0.90606,29066562.23876821
2025-03-07,0.906496,0.919999,0.804715,0.818254,42139332.04187881
2025-03-08,0.818044,0.838294,0.792742,0.804814,13278527.38112157
2025-03-09,0.80487,0.816999,0.70951,0.720059,33104916.40729056
2025-03-10,0.721087,0.778,0.657744,0.67,34986732.44538957
2025-03-11,0.670994,0.744421,0.647721,0.723534,26823291.16580363
2025-03-12,0.723534,0.768651,0.710997,0.735193,33170289.33454248
2025-03-13,0.736176,0.741466,0.690595,0.702427,33967536.4874325
2025-03-14,0.702426,0.750718,0.696392,0.73618,22743118.35978262
2025-03-15,0.7372,0.759181,0.730889,0.746739,15866043.05827055
2025-03-16,0.74673,0.74673,0.694532,0.70519,8543908.27358149
2025-03-17,0.705021,0.7295,0.702829,0.717959,6219907.2124781
2025-03-18,0.717601,0.718163,0.682,0.701695,6456346.6645411
2025-03-19,0.701661,0.746806,0.700551,0.743779,18108576.41606311
2025-03-20,0.743778,0.755001,0.712121,0.717387,10278736.83407399
2025-03-21,0.717593,0.726858,0.7005,0.704863,20431807.46898803
2025-03-22,0.704776,0.715266,0.697034,0.701087,10170672.07813825
2025-03-23,0.701245,0.715462,0.691808,0.710084,12934323.24666979
2025-03-24,0.709898,0.748,0.705425,0.731859,30478792.64739438
2025-03-25,0.731826,0.766166,0.721044,0.744814,26541509.66653442
2025-03-26,0.744458,0.774,0.719249,0.728898,22080325.14169253
2025-03-27,0.728901,0.744,0.72109,0.7377,6203838.03082805
2025-03-28,0.737843,0.7454,0.689164,0.705531,10739915.01138417
2025-03-29,0.705748,0.711488,0.659004,0.67272,6811037.71725924
2025-03-30,0.672784,0.686894,0.651653,0.660934,6446811.73796757
2025-03-31,0.661324,0.665127,0.63,0.661898,17938408.99773632
2025-04-01,0.661584,0.693698,0.658,0.677308,9837626.19207023
2025-04-02,0.677413,0.709026,0.634513,0.6389,14350910.58426353
2025-04-03,0.639047,0.657259,0.612622,0.649972,21047690.22773492
2025-04-04,0.650724,0.671293,0.628,0.659893,13543034.25118484
2025-04-05,0.660616,0.666651,0.64452,0.655402,3959642.60886584
2025-04-06,0.654424,0.654652,0.559539,0.573295,18559578.02228198
2025-04-07,0.573351,0.604849,0.510646,0.585948,51185246.1849451
2025-04-08,0.585884,0.619913,0.552461,0.557768,16519084.37584734
2025-04-09,0.557679,0.645555,0.536714,0.631383,37223216.49441091
2025-04-10,0.63113,0.633293,0.585857,0.609095,18013630.72378409
2025-04-11,0.609192,0.644385,0.606169,0.623492,16209095.05425316
2025-04-12,0.623666,0.666891,0.617312,0.659326,23381864.56046335
2025-04-13,0.659926,0.668587,0.630029,0.637198,25459772.52669765
2025-04-14,0.637996,0.656854,0.62698,0.635098,10919765.95161664
2025-04-15,0.635043,0.648192,0.607242,0.609217,8902772.87168661
2025-04-16,0.608364,0.623999,0.595152,0.610807,8159934.23288888
2025-04-17,0.610392,0.629349,0.609219,0.616208,5187063.98549983
2025-04-18,0.61683,0.631627,0.61094,0.627494,2868287.75086526
2025-04-19,0.627772,0.63448,0.619257,0.627765,2886933.99362175
2025-04-20,0.628572,0.634251,0.610001,0.620011,2889226.88463834
2025-04-21,0.620204,0.650303,0.615968,0.624321,9139534.54881727
2025-04-22,0.62432,0.684455,0.616105,0.679253,13462207.34548361
2025-04-23,0.680265,0.717595,0.677898,0.697754,14846812.66104194
2025-04-24,0.697768,0.748615,0.67055,0.722181,16696371.33027568
2025-04-25,0.721991,0.733386,0.702704,0.714414,18045195.05358435
2025-04-26,0.715663,0.73383,0.700402,0.707734,10628024.34439546
2025-04-27,0.706959,0.7174,0.691752,0.703745,7590464.89223924
2025-04-28,0.703745,0.728929,0.682612,0.705292,16838740.51919205
2025-04-29,0.705878,0.718,0.69,0.696355,7647398.69415382
2025-04-30,0.695766,0.703522,0.665113,0.681794,15217493.52808447
2025-05-01,0.681826,0.714181,0.6818,0.7057,13812631.0931356
2025-05-02,0.705701,0.725497,0.688844,0.698222,19241876.24027441
2025-05-03,0.698352,0.729893,0.692006,0.7,18353460.14010204
2025-05-04,0.7,0.714047,0.672406,0.676677,8540752.88142748
2025-05-05,0.676677,0.69139,0.65424,0.663,9191292.47341475
2025-05-06,0.662516,0.680242,0.642603,0.678089,7428029.28174246
2025-05-07,0.6783,0.688748,0.65533,0.671446,8181562.1514998
2025-05-08,0.671536,0.770042,0.670139,0.7695,22375038.26828685
2025-05-09,0.769168,0.817624,0.753802,0.777538,18516262.44303649
2025-05-10,0.777139,0.843357,0.770994,0.841005,11527497.56839312
2025-05-11,0.84099,0.84602,0.782244,0.804808,14433938.79665076
2025-05-12,0.80522,0.86346,0.780767,0.817628,27300474.67353581
2025-05-13,0.817135,0.842008,0.772595,0.830639,13681264.40579563
2025-05-14,0.830332,0.832936,0.789441,0.798496,15887252.89351282
2025-05-15,0.798566,0.81,0.74381,0.762234,24966082.08771706
2025-05-16,0.762393,0.787,0.751,0.759261,12657937.71903206
2025-05-17,0.758864,0.781116,0.727692,0.742999,25616023.27379398
2025-05-18,0.743,0.776295,0.717622,0.759743,15120174.30394009
2025-05-19,0.759881,0.764313,0.710901,0.742559,9934097.44568945
2025-05-20,0.742589,0.754633,0.722616,0.746065,13337736.49755591
2025-05-21,0.745948,0.784505,0.737363,0.769212,24465156.32961452
2025-05-22,0.769922,0.81,0.769302,0.808998,17111989.35977354
2025-05-23,0.808998,0.84183,0.743435,0.747317,23490405.95037992
2025-05-24,0.747225,0.766123,0.741193,0.74712,5269542.57889313
2025-05-25,0.747005,0.76,0.728734,0.76,6309388.96577899
2025-05-26,0.76,0.776736,0.751975,0.760009,5848480.56237942
2025-05-27,0.760467,0.775455,0.744401,0.758534,11552107.17432422
2025-05-28,0.758243,0.7602,0.73293,0.747614,11393484.40853113
2025-05-29,0.747615,0.764965,0.72,0.722143,10645782.95336253
2025-05-30,0.722081,0.728004,0.68229,0.68946,19144598.78187702
2025-05-31,0.689392,0.695,0.656492,0.685873,10560131.69618159
2025-06-01,0.68635,0.68771,0.655,0.685282,19533286.35973528
2025-06-02,0.685283,0.691826,0.664176,0.689782,7260008.65596771
2025-06-03,0.689827,0.706811,0.674372,0.684079,6088559.58214338
2025-06-04,0.684199,0.702603,0.662629,0.665873,4326004.06590435
2025-06-05,0.665753,0.6895,0.62,0.626245,18765986.18449083
2025-06-06,0.626135,0.67218,0.621935,0.655727,8615494.27194154
2025-06-07,0.656085,0.670641,0.65049,0.664947,7332371.65189386
2025-06-08,0.664948,0.679906,0.65223,0.669434,11970996.92101524
2025-06-09,0.670186,0.707662,0.6572,0.704795,14752449.49299131
2025-06-10,0.704796,0.7199,0.686853,0.715979,9269315.49777743
2025-06-11,0.71641,0.731169,0.69133,0.698383,8765642.04303879
2025-06-12,0.698383,0.699915,0.657893,0.661671,7000602.70229388
2025-06-13,0.661753,0.661753,0.617945,0.6425,16230580.51060614
2025-06-14,0.6425,0.6425,0.613435,0.624899,4003153.4991747
2025-06-15,0.624772,0.635769,0.621267,0.633162,2821545.63573351
2025-06-16,0.633492,0.657129,0.625094,0.629764,7672881.02134969
2025-06-17,0.630233,0.642262,0.6,0.608789,11803146.92801215
2025-06-18,0.609385,0.620879,0.58844,0.604061,8703645.94186087
2025-06-19,0.604282,0.611565,0.590085,0.602059,11945381.81708869
2025-06-20,0.60218,0.606514,0.561812,0.577368,6501983.17641743
2025-06-21,0.577765,0.587854,0.544609,0.556436,4851432.59733167
2025-06-22,0.557107,0.563484,0.510252,0.541753,13598462.35177204
2025-06-23,0.541754,0.586488,0.528935,0.582466,11994077.40650917
2025-06-24,0.582691,0.593838,0.576913,0.587594,5329142.4393808
2025-06-25,0.587734,0.59088,0.564009,0.567272,7717354.28152802
2025-06-26,0.567154,0.58162,0.550304,0.554221,6217342.11969609
2025-06-27,0.55465,0.563459,0.545498,0.558526,5650987.41987818
2025-06-28,0.558656,0.56839,0.555638,0.565734,3099473.00854733
2025-06-29,0.565735,0.585156,0.555552,0.577508,6324875.47934055
2025-06-30,0.577508,0.59025,0.556795,0.572486,13575296.35907648
2025-07-01,0.5726,0.576314,0.536671,0.542113,11684079.5153726
2025-07-02,0.54207,0.599698,0.538947,0.584093,16430052.27058061
2025-07-03,0.584093,0.611732,0.582744,0.598963,12455819.63143324
2025-07-04,0.599288,0.603345,0.563041,0.572564,26032614.54222338
2025-07-05,0.572497,0.583428,0.569154,0.575557,16846768.90878795
2025-07-06,0.575445,0.592614,0.571256,0.585665,8176623.55682675
2025-07-07,0.585732,0.595006,0.574139,0.580489,45811775.66404234
2025-07-08,0.580489,0.592154,0.572428,0.588299,8497540.86527683
2025-07-09,0.5883,0.627359,0.58226,0.623019,40893928.21975982
2025-07-10,0.622948,0.6802,0.617609,0.677141,15523056.81627633
2025-07-11,0.677152,0.777012,0.667754,0.709417,52214434.49799361
2025-07-12,0.709394,0.736743,0.6888,0.708672,9810926.29809939
2025-07-13,0.709262,0.755953,0.70555,0.737005,17230689.62134873
2025-07-14,0.737006,0.767958,0.721009,0.735735,25442396.575881
2025-07-15,0.735385,0.749327,0.710658,0.746776,20446000.68185728
2025-07-16,0.746903,0.784592,0.732976,0.764431,15403487.32146646
2025-07-17,0.764825,0.838975,0.74,0.822484,25426198.05114987
2025-07-18,0.822383,0.895365,0.796079,0.816193,33112385.86784654
2025-07-19,0.816277,0.837135,0.802587,0.83064,8564321.27250118
2025-07-20,0.83064,0.878086,0.823986,0.858816,21517751.70594074
2025-07-21,0.858625,0.933536,0.842075,0.889791,41338035.50058236
2025-07-22,0.889791,0.9096,0.853354,0.903788,13377208.94655919
2025-07-23,0.903809,0.903991,0.786332,0.816379,17839296.51377166
2025-07-24,0.816519,0.84081,0.762678,0.805696,39478583.72786151
2025-07-25,0.806636,0.818181,0.775233,0.816148,25117564.12293882
2025-07-26,0.816148,0.83843,0.812254,0.819761,7487152.83021362
2025-07-27,0.819968,0.839166,0.815,0.831916,6874605.96030471
2025-07-28,0.832376,0.855734,0.78596,0.792842,14394779.86950173
2025-07-29,0.793633,0.809874,0.767581,0.78272,12537396.37798017
2025-07-30,0.782788,0.789331,0.72879,0.763092,11207161.36827165
2025-07-31,0.763063,0.788916,0.736001,0.738712,8384677.96515232
2025-08-01,0.738972,0.7419,0.695641,0.714627,27092872.27321401
2025-08-02,0.713953,0.727024,0.684159,0.697403,12191227.87597565
2025-08-03,0.697606,0.730383,0.68716,0.72705,18131347.12682029
2025-08-04,0.72705,0.76,0.72506,0.754271,20395257.03927999
2025-08-05,0.754749,0.759426,0.713388,0.725789,16477989.59415567
2025-08-06,0.725586,0.748012,0.710647,0.741642,20794324.57653612
2025-08-07,0.741589,0.788328,0.732217,0.787522,10339459.0192037
2025-08-08,0.787723,0.806738,0.775997,0.790723,19696405.30080657
2025-08-09,0.790831,0.820973,0.79,0.802999,9189270.6170834
2025-08-10,0.803066,0.834,0.78384,0.802101,14553418.73565255
2025-08-11,0.802102,0.832969,0.766384,0.7742,27666162.24345579
2025-08-12,0.773204,0.857576,0.765378,0.841212,24425216.16372464
2025-08-13,0.841092,0.921994,0.83341,0.904114,21939318.5635979
2025-08-14,0.904114,1.018247,0.878269,0.926491,80872423.1991067
2025-08-15,0.926679,0.964485,0.911,0.946238,51478558.55846519
2025-08-16,0.946237,0.977651,0.901423,0.921824,33414481.22018605
2025-08-17,0.921756,0.98733,0.905323,0.961365,19854375.99831135
2025-08-18,0.961317,0.966933,0.8924,0.923758,24617553.93716578
2025-08-19,0.923898,0.954196,0.843549,0.846096,45370975.66595897
2025-08-20,0.846096,0.8925,0.838481,0.881021,28986544.56793099
2025-08-21,0.881041,0.892317,0.84669,0.851464,12888586.02127397
2025-08-22,0.851573,0.941205,0.82238,0.930729,35779783.37843928
2025-08-23,0.93073,0.93759,0.891108,0.913374,19311229.93686187
2025-08-24,0.913967,0.964103,0.888438,0.908492,29564606.00805331
2025-08-25,0.9085,0.927401,0.83,0.836306,30580540.04024592
2025-08-26,0.836968,0.874795,0.826982,0.866194,13217131.29147961
2025-08-27,0.866728,0.877265,0.846542,0.849829,13358179.46425834
2025-08-28,0.850118,0.879484,0.840959,0.858112,14667446.32002039
2025-08-29,0.857776,0.865513,0.810491,0.82638,25938022.73278915
2025-08-30,0.826696,0.844773,0.805761,0.821876,6399737.45514897
2025-08-31,0.822548,0.837609,0.81,0.811246,6490261.68123189
2025-09-01,0.81115,0.844369,0.782244,0.800713,12405523.49093362
2025-09-02,0.800713,0.835478,0.798156,0.834904,5528001.62188917
2025-09-03,0.83503,0.843755,0.825918,0.83619,6311178.93634479
2025-09-04,0.83619,0.841819,0.8035,0.809405,8124575.33753364
2025-09-05,0.809527,0.849091,0.8055,0.830352,11556575.03607123
2025-09-06,0.830532,0.835721,0.814851,0.818218,2532955.00574569
2025-09-07,0.81862,0.841634,0.81798,0.835054,2513409.32609073
2025-09-08,0.835115,0.868685,0.830176,0.865126,7457630.70835509
2025-09-09,0.865127,0.894,0.85254,0.864755,7024840.7223354
2025-09-10,0.865182,0.907748,0.860101,0.884999,14253432.20933358
2025-09-11,0.885,0.897268,0.864552,0.894051,10593851.87637113
2025-09-12,0.89405,0.9179,0.883406,0.917597,19738213.08611252
2025-09-13,0.917597,0.954126,0.914548,0.929892,15987230.637068
2025-09-14,0.930021,0.931399,0.88,0.888171,8054514.52033621
2025-09-15,0.888284,0.903,0.85311,0.864012,10285739.86551395
2025-09-16,0.863637,0.8836,0.853891,0.880446,6847158.15019495
2025-09-17,0.880708,0.92,0.861987,0.913268,15716693.81065768
2025-09-18,0.913956,0.93898,0.899613,0.924542,15865113.82763164
2025-09-19,0.924542,0.937106,0.885682,0.890624,15366393.19835702
2025-09-20,0.890624,0.906771,0.887967,0.893371,3850131.88042402
2025-09-21,0.893495,0.902351,0.876,0.8842,13818542.34640394
2025-09-22,0.88434,0.887733,0.791554,0.825659,30651504.77303024
2025-09-23,0.825999,0.830364,0.8043,0.806274,16924029.65471019
2025-09-24,0.806274,0.830805,0.791,0.812793,11687431.5828661
2025-09-25,0.81322,0.814422,0.753964,0.763202,27212720.8807513
2025-09-26,0.763507,0.79672,0.7585,0.792304,14170080.91239237
2025-09-27,0.792427,0.794362,0.776788,0.781233,2600533.37963807
2025-09-28,0.781701,0.8115,0.765311,0.808646,7783394.28065508
2025-09-29,0.808708,0.815891,0.7889,0.806051,10980105.08735156
2025-09-30,0.806009,0.812975,0.778673,0.807135,7585924.56804809
2025-10-01,0.807224,0.850999,0.796992,0.850999,19532611.30590616
2025-10-02,0.851,0.87779,0.836662,0.871202,15634759.99775129
2025-10-03,0.871088,0.8922,0.849514,0.865369,9307614.11377385
2025-10-04,0.866055,0.869083,0.8335,0.84,7273594.97057853
2025-10-05,0.840001,0.883175,0.826867,0.837042,14906127.10764833
2025-10-06,0.837527,0.8804,0.832716,0.871571,14786627.82825867
2025-10-07,0.871572,0.877876,0.81827,0.820278,16211300.07561207
2025-10-08,0.820441,0.851531,0.80898,0.838824,9393805.81028341
2025-10-09,0.83966,0.83966,0.7951,0.81587,8479030.09391266
2025-10-10,0.815572,0.82446,0.42,0.655258,57371712.26341222
2025-10-11,0.655231,0.683713,0.609526,0.632048,30395757.97334355
2025-10-12,0.632359,0.709094,0.618257,0.701474,12311468.59553621
2025-10-13,0.700616,0.736,0.691899,0.729477,18180397.949456
2025-10-14,0.729116,0.733173,0.663,0.699,17383142.0977855
2025-10-15,0.699125,0.715653,0.657586,0.668852,10156106.14790255
2025-10-16,0.668647,0.684679,0.633525,0.645222,10310970.18882905
2025-10-17,0.645274,0.655619,0.592236,0.624932,34027116.64301106
2025-10-18,0.624886,0.641292,0.623295,0.634476,4339757.57765348
2025-10-19,0.634363,0.665153,0.622444,0.653,13299545.22475912
2025-10-20,0.653,0.676,0.63992,0.662805,17044377.18590937
2025-10-21,0.662797,0.685063,0.637092,0.642874,12472054.23204298
2025-10-22,0.64265,0.646731,0.60688,0.623871,10920571.62563303
2025-10-23,0.623764,0.653892,0.623131,0.642957,4849207.69737539
2025-10-24,0.643058,0.663617,0.639191,0.656157,5232130.76756026
2025-10-25,0.656058,0.659274,0.648274,0.654068,2936311.12357414
2025-10-26,0.654494,0.687503,0.646698,0.681478,5312277.65366993
2025-10-27,0.681638,0.693094,0.663876,0.667083,8497522.63940729
2025-10-28,0.667083,0.675417,0.636042,0.646036,6138710.95928624
2025-10-29,0.646021,0.66,0.626,0.640276,5537864.7237588
2025-10-30,0.640277,0.648046,0.58588,0.601356,14846140.84212362
2025-10-31,0.601,0.619358,0.597357,0.608911,7568130.07454534
2025-11-01,0.60895,0.616753,0.603098,0.612869,1187922.46707941
2025-11-02,0.612287,0.618652,0.592816,0.610416,3711341.31425875
2025-11-03,0.610387,0.611629,0.527001,0.55242,16461108.55582945
2025-11-04,0.55272,0.563058,0.49,0.520684,43631640.72481996
2025-11-05,0.5206,0.549986,0.495013,0.545,11615662.40608987
2025-11-06,0.545,0.545493,0.516854,0.531659,8520645.74574003
2025-11-07,0.531938,0.585971,0.519255,0.576063,12830591.22444957
2025-11-08,0.576611,0.592224,0.553721,0.568525,7219849.87403868
2025-11-09,0.568513,0.583922,0.547811,0.578784,5843563.92391618
2025-11-10,0.578651,0.602538,0.572998,0.592735,14639768.74167311
2025-11-11,0.592735,0.606236,0.55355,0.556138,9323828.00996159
2025-11-12,0.556267,0.580486,0.539527,0.545512,8881040.71143896
2025-11-13,0.545536,0.570933,0.514413,0.529354,11212900.60188924
2025-11-14,0.529717,0.532689,0.490091,0.49814,10876743.42149992
2025-11-15,0.498131,0.515292,0.4977,0.503308,5253514.98051234
2025-11-16,0.503209,0.508402,0.472821,0.484453,8431796.23124843
2025-11-17,0.484304,0.498212,0.45712,0.465892,13632686.93485884
2025-11-18,0.46581,0.481991,0.456,0.475084,11568903.94252911
